"donor","recipient"
"donor_3000","50_3_All_r1"
"donor_3000","50_6_All_r1"
"donor_3000","50_9_All_r1"
"donor_3000","50_12_All_r1"
"donor_3000","50_3_All_r2"
"donor_3000","50_6_All_r2"
"donor_3000","50_9_All_r2"
"donor_3000","50_12_All_r2"
"donor_3000","50_3_All_r3"
"donor_3000","50_6_All_r3"
"donor_3000","50_9_All_r3"
"donor_3000","50_12_All_r3"
"donor_3000","50_3_All_r4"
"donor_3000","50_6_All_r4"
"donor_3000","50_9_All_r4"
"donor_3000","50_12_All_r4"
"donor_3000","50_3_All_r5"
"donor_3000","50_6_All_r5"
"donor_3000","50_9_All_r5"
"donor_3000","50_12_All_r5"
