"donor","recipient"
"donor_3000","1_0_All_r1"
"donor_3000","10_0_All_r1"
"donor_3000","20_0_All_r1"
"donor_3000","30_0_All_r1"
"donor_3000","40_0_All_r1"
"donor_3000","50_0_All_r1"
"donor_3000","1_0_All_r2"
"donor_3000","10_0_All_r2"
"donor_3000","20_0_All_r2"
"donor_3000","30_0_All_r2"
"donor_3000","40_0_All_r2"
"donor_3000","50_0_All_r2"
"donor_3000","1_0_All_r3"
"donor_3000","10_0_All_r3"
"donor_3000","20_0_All_r3"
"donor_3000","30_0_All_r3"
"donor_3000","40_0_All_r3"
"donor_3000","50_0_All_r3"
"donor_3000","1_0_All_r4"
"donor_3000","10_0_All_r4"
"donor_3000","20_0_All_r4"
"donor_3000","30_0_All_r4"
"donor_3000","40_0_All_r4"
"donor_3000","50_0_All_r4"
"donor_3000","1_0_All_r5"
"donor_3000","10_0_All_r5"
"donor_3000","20_0_All_r5"
"donor_3000","30_0_All_r5"
"donor_3000","40_0_All_r5"
"donor_3000","50_0_All_r5"
